attachmentID,fileName,taskID
1,FileName1,38
2,FileName2,25
3,FileName3,38
4,FileName4,8
5,FileName5,11
6,FileName6,2
7,FileName7,28
8,FileName8,10
9,FileName9,42
10,FileName10,27
11,FileName11,8
12,FileName12,14
13,FileName13,11
14,FileName14,5
15,FileName15,46
16,FileName16,47
17,FileName17,27
18,FileName18,44
19,FileName19,3
20,FileName20,15
21,FileName21,29
22,FileName22,24
23,FileName23,2
24,FileName24,3
25,FileName25,15
26,FileName26,25
27,FileName27,48
28,FileName28,17
29,FileName29,26
30,FileName30,10
